n_transactions,n_workers,modeled_wall_clock,total_worker_seconds
100,1,0.043504383087158205,0.0415043830871582
100,2,0.17633967781066895,0.3290705680847168
100,4,4.155977828979492,6.001004695892334
100,8,0.14436194038391115,0.5036611557006836
500,1,0.10915746879577637,0.10715746879577637
500,2,0.08941703224182129,0.15398430824279785
500,4,0.07161556053161622,0.2353227138519287
500,8,0.15785476303100587,0.4161338806152344
1000,1,0.269261266708374,0.267261266708374
1000,2,0.1136181869506836,0.21887421607971191
1000,4,0.07689963150024415,0.2589261531829834
1000,8,0.09009858703613281,0.4029855728149414
5000,1,0.7958950061798096,0.7938950061798096
5000,2,0.3633735694885254,0.7076399326324463
5000,4,0.37458668518066407,0.9621336460113525
5000,8,0.2351157341003418,0.9975423812866211
10000,1,1.1307386417388916,1.1287386417388916
10000,2,0.8276734867095947,1.5281236171722412
10000,4,1.0753723220825195,2.182932138442993
10000,8,0.3365668926239014,1.7824625968933105
20000,1,1.2086268920898438,1.2066268920898438
20000,2,0.456495813369751,0.8174641132354736
20000,4,0.3978909091949463,1.1947033405303955
20000,8,0.2742824230194092,1.4502224922180176
50000,1,4.3829196949005125,4.380919694900513
50000,2,3.2070189037323,5.541033744812012
50000,4,0.7024537162780762,2.5775625705718994
50000,8,0.8946845207214356,3.2808279991149902
100000,1,11.206949140548707,11.204949140548706
100000,2,3.3016198196411133,5.517309188842773
100000,4,1.9442070560455322,6.77752947807312
100000,8,3.6568884525299072,14.09728741645813
